"id_docente","id_producao","tipo_producao","issn","titulo","local","ano_trabalho"
"2446301582459104",159886,"ARTIGO-PUBLICADO","01400118","Voxel-based comparative analysis of lung lesions in CT for therapeutic purposes","Medical & Biological Engineering & Computing",2016
"8287861610873629",159688,"ARTIGO-PUBLICADO","21754411","Visualização Imersiva e Interação Gestual com Dados Médicos","Journal of Health Informatics",2016
"2446301582459104",159746,"ARTIGO-PUBLICADO","03029743","Visualization of Power Systems Based on Panoramic Augmented Environments","Lecture Notes in Computer Science",2014
"6446831084215512",159746,"ARTIGO-PUBLICADO","03029743","Visualization of Power Systems Based on Panoramic Augmented Environments","Lecture Notes in Computer Science",2014
"8287861610873629",159746,"ARTIGO-PUBLICADO","03029743","Visualization of Power Systems Based on Panoramic Augmented Environments","Lecture Notes in Computer Science",2014
"2446301582459104",159894,"ARTIGO-PUBLICADO","13807501","Unsupervised detection of density changes through principal component analysis for lung lesion classification","Multimedia Tools and Applications",2017
"6446831084215512",159894,"ARTIGO-PUBLICADO","13807501","Unsupervised detection of density changes through principal component analysis for lung lesion classification","Multimedia Tools and Applications",2017
"2446301582459104",159602,"ARTIGO-PUBLICADO","13807501","Texture based on geostatistic for glaucoma diagnosis from fundus eye image","Multimedia Tools and Applications",2017
"6047330108382641",159602,"ARTIGO-PUBLICADO","13807501","Texture based on geostatistic for glaucoma diagnosis from fundus eye image","Multimedia Tools and Applications",2017
"6446831084215512",159602,"ARTIGO-PUBLICADO","13807501","Texture based on geostatistic for glaucoma diagnosis from fundus eye image","Multimedia Tools and Applications",2017
"8287861610873629",159602,"ARTIGO-PUBLICADO","13807501","Texture based on geostatistic for glaucoma diagnosis from fundus eye image","Multimedia Tools and Applications",2017
"2446301582459104",159686,"ARTIGO-PUBLICADO","09574174","Texture analysis of masses malignant in mammograms images using a combined approach of diversity index and local binary patterns distribution","Expert Systems with Applications",2016
"6446831084215512",159686,"ARTIGO-PUBLICADO","09574174","Texture analysis of masses malignant in mammograms images using a combined approach of diversity index and local binary patterns distribution","Expert Systems with Applications",2016
"8287861610873629",159686,"ARTIGO-PUBLICADO","09574174","Texture analysis of masses malignant in mammograms images using a combined approach of diversity index and local binary patterns distribution","Expert Systems with Applications",2016
"2446301582459104",159684,"ARTIGO-PUBLICADO","15173151","Texture analysis of masses in digitized mammograms using Gleason and Menhinick Diversity Indexes","Revista Brasileira de Engenharia Biomédica (Impresso)",2014
"6446831084215512",159684,"ARTIGO-PUBLICADO","15173151","Texture analysis of masses in digitized mammograms using Gleason and Menhinick Diversity Indexes","Revista Brasileira de Engenharia Biomédica (Impresso)",2014
"8287861610873629",159684,"ARTIGO-PUBLICADO","15173151","Texture analysis of masses in digitized mammograms using Gleason and Menhinick Diversity Indexes","Revista Brasileira de Engenharia Biomédica (Impresso)",2014
"2446301582459104",159888,"ARTIGO-PUBLICADO","24464740","Taxonomic indexes for differentiating malignancy of lung nodules on CT images","Research on Biomedical Engineering",2016
"6446831084215512",159888,"ARTIGO-PUBLICADO","24464740","Taxonomic indexes for differentiating malignancy of lung nodules on CT images","Research on Biomedical Engineering",2016
"1972734433460838",160213,"ARTIGO-PUBLICADO","15480992","Survey on Reinsurrance Contract Optimization Using Evolutionary and Swarm Computation","IEEE Latin America Transactions",2016
"2446301582459104",159597,"ARTIGO-PUBLICADO","00104825","Surgical Planning for Horizontal Strabismus Using Support Vector Regression","Computers in Biology and Medicine",2015
"6047330108382641",159597,"ARTIGO-PUBLICADO","00104825","Surgical Planning for Horizontal Strabismus Using Support Vector Regression","Computers in Biology and Medicine",2015
"6446831084215512",159597,"ARTIGO-PUBLICADO","00104825","Surgical Planning for Horizontal Strabismus Using Support Vector Regression","Computers in Biology and Medicine",2015
"770343284012942",160349,"ARTIGO-ACEITO-PARA-PUBLICACAO","1793351X","Stream-based Reasoning for IoT Applications - Proposal of Architecture and Analysis of Challenges","INTERNATIONAL JOURNAL OF SEMANTIC COMPUTING",2017
"6047330108382641",159600,"ARTIGO-PUBLICADO","21754411","Strabismus Mobile: Um Aplicativo para Diagnóstico de Estrabismo","Journal of Health Informatics",2016
"2446301582459104",159896,"ARTIGO-PUBLICADO","01692607","Statistical Tools for the Temporal Analysis and Classification of Lung Lesions","Computer Methods and Programs in Biomedicine (Print)",2017
"6446831084215512",159896,"ARTIGO-PUBLICADO","01692607","Statistical Tools for the Temporal Analysis and Classification of Lung Lesions","Computer Methods and Programs in Biomedicine (Print)",2017
"770343284012942",160127,"ARTIGO-PUBLICADO","01403664","Situation-based privacy autonomous management for mobile social networks","COMPUTER COMMUNICATIONS",2017
"2446301582459104",159690,"ARTIGO-PUBLICADO","09659978","Semi-automatic methodology for augmented panorama development in industrial outdoor environments","ADVANCES IN ENGINEERING SOFTWARE",2017
"6446831084215512",159690,"ARTIGO-PUBLICADO","09659978","Semi-automatic methodology for augmented panorama development in industrial outdoor environments","ADVANCES IN ENGINEERING SOFTWARE",2017
"8287861610873629",159690,"ARTIGO-PUBLICADO","09659978","Semi-automatic methodology for augmented panorama development in industrial outdoor environments","ADVANCES IN ENGINEERING SOFTWARE",2017
"6446831084215512",159994,"ARTIGO-PUBLICADO","","Semi-Automatic Photograph Tagging by Combining Context with Content-Based Information","Expert Systems with Applications",2014
"6446831084215512",159999,"ARTIGO-PUBLICADO","21754411","Segmentação de massas em mamografias utilizando índices de similaridade","journal of health informatics",2016
"1512846862093142",159800,"ARTIGO-PUBLICADO","","REVISITANDO AS HEURÍSTICAS DE AVALIAÇÃO DE NIELSEN PARA ANÁLISE DE USABILIDADE EM JOGOS DE TABULEIRO NÃO VIRTUAIS","Human Factors in Design",2014
"5225588855422632",160306,"ARTIGO-PUBLICADO","19326203","Personalized Modeling for Prediction with Decision-Path Models","Plos One",2015
"5225588855422632",160307,"ARTIGO-PUBLICADO","13076892","Patient-Specific Modeling Algorithm for Medical Data Based on AUC","World Academy of Science, Engineering and Technology",2016
"5901564732655853",160331,"ARTIGO-PUBLICADO","16877047","Organizational Gameplay: The Player as Designer of Character Organizations","International Journal of Computer Games Technology",2015
"35213619257246",159986,"ARTIGO-PUBLICADO","19453124","Neural Network in Computer Vision for RoboCup Middle Size League","Journal of Software Engineering and Applications",2016
"8041675571955870",159645,"ARTIGO-PUBLICADO","19759320","Multiple Neural Networks Using MLP and RBF Networks","Journal of Convergence Information Technology (Gyeongju)",2016
"6446831084215512",159995,"ARTIGO-PUBLICADO","03029743","Management of Large Hydroelectric Reservoirs Surrounding Areas Using GIS and Remote Sensing","Lecture Notes in Computer Science",2015
"770343284012942",160123,"ARTIGO-PUBLICADO","22368434","MHARS: A mobile system for human activity recognition and inference of health situations in ambient assisted living","Journal of Applied Computing Research",2016
"5901564732655853",160123,"ARTIGO-PUBLICADO","22368434","MHARS: A mobile system for human activity recognition and inference of health situations in ambient assisted living","Journal of Applied Computing Research",2016
"2446301582459104",159891,"ARTIGO-PUBLICADO","19398018","Lung-Nodule Classification Based on Computed Tomography Using Taxonomic Diversity Indexes and an SVM","Journal of Signal Processing Systems for Signal, Image, and Video Technology",2016
"6446831084215512",159891,"ARTIGO-PUBLICADO","19398018","Lung-Nodule Classification Based on Computed Tomography Using Taxonomic Diversity Indexes and an SVM","Journal of Signal Processing Systems for Signal, Image, and Video Technology",2016
"2446301582459104",159895,"ARTIGO-PUBLICADO","13807501","Lung nodules diagnosis based on evolutionary convolutional neural network","Multimedia Tools and Applications",2017
"6446831084215512",159895,"ARTIGO-PUBLICADO","13807501","Lung nodules diagnosis based on evolutionary convolutional neural network","Multimedia Tools and Applications",2017
"2446301582459104",159893,"ARTIGO-PUBLICADO","09574174","Lung nodule classification using artificial crawlers, directional texture and support vector machine","Expert Systems with Applications",2017
"6446831084215512",159893,"ARTIGO-PUBLICADO","09574174","Lung nodule classification using artificial crawlers, directional texture and support vector machine","Expert Systems with Applications",2017
"8041675571955870",159646,"ARTIGO-PUBLICADO","09210296","Iterative Decentralized Planning for Collective Construction Tasks with Quadrotors","JOURNAL OF INTELLIGENT & ROBOTIC SYSTEMS",2017
"1512846862093142",159799,"ARTIGO-PUBLICADO","23167963","Identificação de objetos de interação em aplicativos de comércio televisivo","Human Factors in Design",2015
"2446301582459104",159887,"ARTIGO-PUBLICADO","01692607","Hybrid Analysis for Indicating Patients with Breast Cancer using Temperature Time Series","Computer Methods and Programs in Biomedicine (Print)",2016
"2352727269839328",159687,"ARTIGO-PUBLICADO","21754411","Home e-care: monitoramento de quedas em idosos através de smartwatches","Journal of Health Informatics",2016
"8287861610873629",159687,"ARTIGO-PUBLICADO","21754411","Home e-care: monitoramento de quedas em idosos através de smartwatches","Journal of Health Informatics",2016
"6446831084215512",159998,"ARTIGO-PUBLICADO","18095585","Gestão Ambiental Apoiada por Sistemas de Informação","Revista de Informática Aplicada",2016
"1512846862093142",159801,"ARTIGO-PUBLICADO","","GT-VoA: Videos On Demand as Learning Objects","Proceedings and report of the 7th UbuntuNet Alliance annual conference",2014
"5225588855422632",160304,"ARTIGO-PUBLICADO","21782229","GLOSSÁRIO DINÂMICO DE LIBRAS PARA APOIO AO ENSINO NÃO PRESENCIAL","Cadernos de Pesquisa",2014
"9943003955628885",160072,"ARTIGO-PUBLICADO","23178876","Ferramenta de Análise Descritiva de Elementos Visuais em Dispositivos Portáteis","Revista ERGODESIGN & HCI",2014
"770343284012942",160126,"ARTIGO-PUBLICADO","14248220","Enriching Mental Health Mobile Assessment and Intervention with Situation Awareness","Sensors (Basel)",2017
"770343284012942",160121,"ARTIGO-PUBLICADO","18709044","EMiner: A Tool for Selecting Classification Algorithms and Optimal Parameters","Polibits",2015
"1531971102610447",160121,"ARTIGO-PUBLICADO","18709044","EMiner: A Tool for Selecting Classification Algorithms and Optimal Parameters","Polibits",2015
"2352727269839328",160121,"ARTIGO-PUBLICADO","18709044","EMiner: A Tool for Selecting Classification Algorithms and Optimal Parameters","Polibits",2015
"5901564732655853",160121,"ARTIGO-PUBLICADO","18709044","EMiner: A Tool for Selecting Classification Algorithms and Optimal Parameters","Polibits",2015
"6047330108382641",159599,"ARTIGO-PUBLICADO","21754411","Diagnóstico de Glaucoma em Retinografias Baseado em Geoestatística","Journal of Health Informatics",2016
"2446301582459104",159900,"ARTIGO-PUBLICADO","09505849","Developing Software Systems to Big Data Platform based on MapReduce model: an Approach based on Model Driven Engineering","INFORMATION AND SOFTWARE TECHNOLOGY",2017
"2446301582459104",159880,"ARTIGO-PUBLICADO","21782229","Detecção de lesões em mamografias através da assimetria das mamas e extração de características com índice de Getis-ord","Cadernos de Pesquisa",2014
"6446831084215512",159880,"ARTIGO-PUBLICADO","21782229","Detecção de lesões em mamografias através da assimetria das mamas e extração de características com índice de Getis-ord","Cadernos de Pesquisa",2014
"2446301582459104",159885,"ARTIGO-PUBLICADO","09574174","Detection of masses in mammograms with adaption to breast density using genetic algorithm, phylogenetic trees, LBP and SVM","Expert Systems with Applications",2015
"6446831084215512",159885,"ARTIGO-PUBLICADO","09574174","Detection of masses in mammograms with adaption to breast density using genetic algorithm, phylogenetic trees, LBP and SVM","Expert Systems with Applications",2015
"770343284012942",160119,"ARTIGO-PUBLICADO","19479220","Design and Evaluation of an Autonomous Load Balancing System for Mobile Data Stream Processing Based On a Data Centric Publish Subscribe Approach","International Journal of Adaptive, Resilient and Autonomic Systems",2014
"770343284012942",160125,"ARTIGO-PUBLICADO","19759320","Confidere: A Trust Model for Context-Aware System on HealthCare Domain","Journal of Convergence Information Technology (Gyeongju)",2016
"1531971102610447",160186,"ARTIGO-PUBLICADO","19759320","Confidere ? A Trust Model for Context-Aware System on HealthCare Domain","Journal of Convergence Information Technology (Gyeongju)",2016
"5901564732655853",160186,"ARTIGO-PUBLICADO","19759320","Confidere ? A Trust Model for Context-Aware System on HealthCare Domain","Journal of Convergence Information Technology (Gyeongju)",2016
"2446301582459104",159889,"ARTIGO-PUBLICADO","01400118","Computer-aided diagnosis system for lung nodules based on computed tomography using shape analysis, a genetic algorithm, and SVM","Medical & Biological Engineering & Computing",2016
"6446831084215512",159889,"ARTIGO-PUBLICADO","01400118","Computer-aided diagnosis system for lung nodules based on computed tomography using shape analysis, a genetic algorithm, and SVM","Medical & Biological Engineering & Computing",2016
"2446301582459104",159598,"ARTIGO-PUBLICADO","08971889","Computer-Aided Methodology for Syndromic Strabismus Diagnosis","Journal of Digital Imaging",2015
"6047330108382641",159598,"ARTIGO-PUBLICADO","08971889","Computer-Aided Methodology for Syndromic Strabismus Diagnosis","Journal of Digital Imaging",2015
"6446831084215512",159598,"ARTIGO-PUBLICADO","08971889","Computer-Aided Methodology for Syndromic Strabismus Diagnosis","Journal of Digital Imaging",2015
"2446301582459104",159898,"ARTIGO-PUBLICADO","08971889","Computer-Aided Diagnosis of Lung Nodules in Computed Tomography by Using Phylogenetic Diversity, Genetic Algorithm, and SVM","JOURNAL OF DIGITAL IMAGING",2017
"6446831084215512",159898,"ARTIGO-PUBLICADO","08971889","Computer-Aided Diagnosis of Lung Nodules in Computed Tomography by Using Phylogenetic Diversity, Genetic Algorithm, and SVM","JOURNAL OF DIGITAL IMAGING",2017
"5225588855422632",160303,"ARTIGO-PUBLICADO","09574174","Clustering Search and Variable Mesh algorithms for continuous optimization","Expert Systems with Applications",2014
"2446301582459104",159890,"ARTIGO-PUBLICADO","21681163","Classification of breast tissues into mass and non-mass by means of the micro-genetic algorithm, phylogenetic trees, LBP and SVM","Computer Methods in Biomechanics and Biomedical Engineering: Imaging &amp; Visualization",2017
"6446831084215512",159890,"ARTIGO-PUBLICADO","21681163","Classification of breast tissues into mass and non-mass by means of the micro-genetic algorithm, phylogenetic trees, LBP and SVM","Computer Methods in Biomechanics and Biomedical Engineering: Imaging &amp; Visualization",2017
"2446301582459104",159884,"ARTIGO-PUBLICADO","00104825","Classification of breast regions as mass and non-mass based on digital mammograms using taxonomic indexes and SVM","Computers in Biology and Medicine",2015
"6446831084215512",159884,"ARTIGO-PUBLICADO","00104825","Classification of breast regions as mass and non-mass based on digital mammograms using taxonomic indexes and SVM","Computers in Biology and Medicine",2015
"2446301582459104",159897,"ARTIGO-PUBLICADO","13807501","Automatic method for quantitative automatic evaluation in dynamic renal scintilography images","MULTIMEDIA TOOLS AND APPLICATIONS",2017
"6446831084215512",159897,"ARTIGO-PUBLICADO","13807501","Automatic method for quantitative automatic evaluation in dynamic renal scintilography images","MULTIMEDIA TOOLS AND APPLICATIONS",2017
"2446301582459104",159899,"ARTIGO-PUBLICADO","13807501","Automatic mass detection in mammography images using particle swarm optimization and functional diversity indexes","MULTIMEDIA TOOLS AND APPLICATIONS",2017
"6446831084215512",159899,"ARTIGO-PUBLICADO","13807501","Automatic mass detection in mammography images using particle swarm optimization and functional diversity indexes","MULTIMEDIA TOOLS AND APPLICATIONS",2017
"2446301582459104",159881,"ARTIGO-PUBLICADO","09333657","Automatic detection of solitary lung nodules using quality threshold clustering, genetic algorithm and diversity index","Artificial Intelligence in Medicine (Print)",2014
"6446831084215512",159881,"ARTIGO-PUBLICADO","09333657","Automatic detection of solitary lung nodules using quality threshold clustering, genetic algorithm and diversity index","Artificial Intelligence in Medicine (Print)",2014
"2446301582459104",159882,"ARTIGO-PUBLICADO","09521976","Automatic detection of small lung nodules in 3D CT data using Gaussian mixture models, Tsallis entropy and SVM","Engineering Applications of Artificial Intelligence",2014
"6446831084215512",159882,"ARTIGO-PUBLICADO","09521976","Automatic detection of small lung nodules in 3D CT data using Gaussian mixture models, Tsallis entropy and SVM","Engineering Applications of Artificial Intelligence",2014
"2446301582459104",159601,"ARTIGO-PUBLICADO","01692607","Automatic Diagnosis of Strabismus in Digital Videos through Cover Test","Computer Methods and Programs in Biomedicine (Print)",2017
"6047330108382641",159601,"ARTIGO-PUBLICADO","01692607","Automatic Diagnosis of Strabismus in Digital Videos through Cover Test","Computer Methods and Programs in Biomedicine (Print)",2017
"2446301582459104",159883,"ARTIGO-PUBLICADO","08971889","Automatic Detection of Masses in Mammograms Using Quality Threshold Clustering, Correlogram Function, and SVM","Journal of Digital Imaging",2014
"6446831084215512",159883,"ARTIGO-PUBLICADO","08971889","Automatic Detection of Masses in Mammograms Using Quality Threshold Clustering, Correlogram Function, and SVM","Journal of Digital Imaging",2014
"6047330108382641",160348,"ARTIGO-ACEITO-PARA-PUBLICACAO","01663615","Augmented Visualization Using Homomorphic Filtering and Haar-based Natural Markers for Power Systems Substations","COMPUTERS IN INDUSTRY",2017
"8287861610873629",160348,"ARTIGO-ACEITO-PARA-PUBLICACAO","01663615","Augmented Visualization Using Homomorphic Filtering and Haar-based Natural Markers for Power Systems Substations","COMPUTERS IN INDUSTRY",2017
"5225588855422632",160305,"ARTIGO-PUBLICADO","14327643","Artificial bee and differential evolution improved by clustering search on continuous domain optimization","Soft Computing (Berlin. Print)",2014
"6047330108382641",159603,"ARTIGO-PUBLICADO","18095585","Aplicativo Multiplataforma para Planejar Cirurgias de Estrabismo","Revista de Informática Aplicada",2016
"8287861610873629",159603,"ARTIGO-PUBLICADO","18095585","Aplicativo Multiplataforma para Planejar Cirurgias de Estrabismo","Revista de Informática Aplicada",2016
"2446301582459104",159974,"ARTIGO-PUBLICADO","21782857","Análise temporal de lesões em mamografias utilizando índices de similaridade","journal of health informatics",2016
"6446831084215512",159974,"ARTIGO-PUBLICADO","21782857","Análise temporal de lesões em mamografias utilizando índices de similaridade","journal of health informatics",2016
"9943003955628885",160071,"ARTIGO-PUBLICADO","","Análise de elementos visuais em jogos digitais: a função da navegação, instrução e comunicação em dispositivos portáteis","Infodesign (SBDI. Online)",2014
"770343284012942",160122,"ARTIGO-PUBLICADO","03064379","An on-line algorithm for cluster detection of mobile nodes through complex event processing","Information Systems (Oxford)",2016
"2446301582459104",159689,"ARTIGO-PUBLICADO","18419836","An Approach for Construction of Augmented Reality Systems using Natural Markers and Mobile Sensors in Industrial Fields","International Journal of Computers Communications & Control",2017
"6446831084215512",159689,"ARTIGO-PUBLICADO","18419836","An Approach for Construction of Augmented Reality Systems using Natural Markers and Mobile Sensors in Industrial Fields","International Journal of Computers Communications & Control",2017
"8287861610873629",159689,"ARTIGO-PUBLICADO","18419836","An Approach for Construction of Augmented Reality Systems using Natural Markers and Mobile Sensors in Industrial Fields","International Journal of Computers Communications & Control",2017
"2446301582459104",159745,"ARTIGO-PUBLICADO","03029743","AGITO: Virtual Reality Environment for Power Systems Substations Operators Training","Lecture Notes in Computer Science",2014
"6446831084215512",159745,"ARTIGO-PUBLICADO","03029743","AGITO: Virtual Reality Environment for Power Systems Substations Operators Training","Lecture Notes in Computer Science",2014
"8287861610873629",159745,"ARTIGO-PUBLICADO","03029743","AGITO: Virtual Reality Environment for Power Systems Substations Operators Training","Lecture Notes in Computer Science",2014
"770343284012942",160124,"ARTIGO-PUBLICADO","15320626","A comprehensive and scalable middleware for Ambient Assisted Living based on cloud computing and Internet of Things","Concurrency and Computation",2016
"6446831084215512",159996,"ARTIGO-PUBLICADO","21787107","A Spatial and Temporal Sentiment Analysis Approach Applied to Twitter Microtexts","Journal of Information and Data Management - JIDM",2015
"9943003955628885",160073,"ARTIGO-PUBLICADO","18650929","A P2P Network for Multimedia Content Sharing Using Android-based Mobile Devices","COMMUNICATIONS IN COMPUTER AND INFORMATION SCIENCE (PRINT)",2017
"2446301582459104",159901,"ARTIGO-PUBLICADO","21567018","A New Database for Breast Research with Infrared Image","Journal of Medical Imaging and Health Informatics",2014
"6446831084215512",159901,"ARTIGO-PUBLICADO","21567018","A New Database for Breast Research with Infrared Image","Journal of Medical Imaging and Health Informatics",2014
"35213619257246",159985,"ARTIGO-PUBLICADO","10834435","A Mechatronic System for Robot-Mediated Hand Telerehabilitation","IEEE/ASME Transactions on Mechatronics",2014
"1531971102610447",160187,"ARTIGO-PUBLICADO","2525510X","A Lei nº 13.344/2016 e as novas técnicas de localização de vítimas e suspeitos de crimes de tráfico de pessoas: eficácia, legalidade e conformação constitucional","Revista Brasileira de Direito Processual Penal",2017
"2446301582459104",159892,"ARTIGO-PUBLICADO","01400118","3D shape analysis to reduce false positives for lung nodule detection systems","Medical & Biological Engineering & Computing",2016
"6446831084215512",159892,"ARTIGO-PUBLICADO","01400118","3D shape analysis to reduce false positives for lung nodule detection systems","Medical & Biological Engineering & Computing",2016
"35213619257246",159989,"TRABALHO_EM_EVENTO","2594486X","Desenvolvimento de um time de futebol robotico para o RoboCup 2D","Encontro Acadêmico de Computação (EAComp) - UFMA",2017
"35213619257246",159674,"TRABALHO_EM_EVENTO","","Assimilação Gaussiana para Clustering Search com Aplicação em Otimização Contínua Irrestrita","XLVIII Simpósio Brasileiro de Pesquisa Operacional (SBPO)",2016
"35213619257246",159988,"TRABALHO_EM_EVENTO","","Neural sources of hemodynamic signals: model validation from simultaneous electrophysiological and fNIRS signals","Real-time Functional Imaging and Neurofeedback (rtFIN)",2015
"770343284012942",160175,"TRABALHO_EM_EVENTO","","Towards Real-time Semantic Reasoning for the Internet of Things","First International Workshop on Semantic Multimedia Computing (SMC ?17)",2017
"770343284012942",160176,"TRABALHO_EM_EVENTO","","Using Brain-Computer Interface and Internet of Things to Improve Healthcare for Wheelchair Users","The Eleventh International Conference on Mobile Ubiquitous Computing, Systems, Services and Technologies (UBICOMM 2017)",2017
"770343284012942",160177,"TRABALHO_EM_EVENTO","","A Middleware Perspective for Integrating Ginga-NCL Applications With the Internet of Things","XVII Workshop de Teses e Dissertações (WTD), evento vinculado ao XXIII Simpósio Brasileiro de Sistemas Multimídia e Web (WebMedia 2017)",2017
"770343284012942",160172,"TRABALHO_EM_EVENTO","9781450337397","A movement activity recognition pervasive system for patient monitoring in ambient assisted living","the 31st Annual ACM Symposium",2016
"770343284012942",160173,"TRABALHO_EM_EVENTO","","Towards Situation-aware Mobile Applications in Mental Health","IEEE 29th International Symposium on Computer-Based Medical Systems (CBMS 2016)",2016
"770343284012942",160174,"TRABALHO_EM_EVENTO","","A Heuristic Approach for On-line Discovery of Unidentified Spatial Clusters from Grid-based Streaming Algorithms","18th International Conference on Big Data Analytics and Knowledge Discovery (DaWaK 2016)",2016
"770343284012942",160167,"TRABALHO_EM_EVENTO","","The Mobile Hub Concept: Enabling applications for the Internet of Mobile Things","Sixth International Workshop on Pervasive Collaboration and Social Networking (PerCol 2015)",2015
"770343284012942",160168,"TRABALHO_EM_EVENTO","","Monitoring Co-Movement of Smart Objects using Accelerometer Data","13th IEEE International Conference on Pervasive Computing and Communications (Percom 2015) - Demos",2015
"770343284012942",160169,"TRABALHO_EM_EVENTO","","A Comprehensive Cloud-based IoT Software Infrastructure for Ambient Assisted Living","International Conference on Cloud Computing Technologies and Applications - CLOUDTECH 2015",2015
"770343284012942",160170,"TRABALHO_EM_EVENTO","","MHARS: Sistema Móvel de Reconhecimento de Atividades em Ambient Assisted Living","7º Simpósio Brasileiro de Computação Ubíqua e Pervasiva - SBCUP",2015
"770343284012942",160171,"TRABALHO_EM_EVENTO","9781509003228","An Experimental Evaluation of Data Mining Algorithms Using Hyperparameter Optimization","2015 Fourteenth Mexican International Conference on Artificial Intelligence (MICAI)",2015
"770343284012942",160164,"TRABALHO_EM_EVENTO","","DC2S: A Content Management Infrastructure for Distributed Collaborative Environments","IEEE International Conference on Enabling Technologies: Infrastructure for Collaborative Enterprises (IEEE WETICE 2014 )",2014
"770343284012942",160165,"TRABALHO_EM_EVENTO","","MHNSS: A Middleware for Developing Speech-based Interaction Mobile Applications","XIII Simpósio Brasileiro Sobre Fatores Humanos em Sistemas Computacionais (IHC 2014)",2014
"770343284012942",160166,"TRABALHO_EM_EVENTO","","How to support the user's dynamic and contextual desires regarding privacy in UbiComp? An intersection between issues: ubiquity and privacy","XIII Simpósio Brasileiro Sobre Fatores Humanos em Sistemas Computacionais",2014
"1512846862093142",159849,"TRABALHO_EM_EVENTO","9781450347082","A Hypervideo Model for Learning Objects","the 28th ACM Conference",2017
"1512846862093142",159850,"TRABALHO_EM_EVENTO","9781450346894","The Fábulas Model for Authoring Web-based Children's eBooks","the 2017 ACM Symposium",2017
"1512846862093142",159851,"TRABALHO_EM_EVENTO","9781450350969","Usability-based Language for Authoring NCL Documents","the 23rd Brazillian Symposium",2017
"1512846862093142",159852,"TRABALHO_EM_EVENTO","","Game of Code: desenvolvimento e avaliação de uma atividade gamificada para disciplinas de programação","SBGames - Simpósio Brasileiro de Jogos e Entretenimento Digital",2017
"1512846862093142",159853,"TRABALHO_EM_EVENTO","9783319586","Integrating Participatory and Interaction Design of an Authoring Tool for Learning Objects Involving a Multidisciplinary Team","International Conference of Design, User Experience, and Usability",2017
"1512846862093142",159854,"TRABALHO_EM_EVENTO","","Lessons Learned from Evaluating an Authoring Tool for Learning Objects","International Conference on Learning and Collaboration Technologies",2017
"1512846862093142",159837,"TRABALHO_EM_EVENTO","9781450345125","Creating Non-Linear Interactive Narratives with Fábulas Model","the 22nd Brazilian Symposium",2016
"1512846862093142",159838,"TRABALHO_EM_EVENTO","9781450345125","SceneSync","the 22nd Brazilian Symposium",2016
"1512846862093142",159839,"TRABALHO_EM_EVENTO","9781450345125","Lua2NCL","the 22nd Brazilian Symposium",2016
"1512846862093142",159840,"TRABALHO_EM_EVENTO","","Game of Code : aplicando gamificação em disciplinas de programação","SBGames 2016",2016
"1512846862093142",159841,"TRABALHO_EM_EVENTO","","Framework Dirigido por Modelos para Monetizacão de Jogos Free-to-Play","SBGames 2016",2016
"1512846862093142",159842,"TRABALHO_EM_EVENTO","","Um Estudo de Caso de Expressividade do Meta-Modelo de Monetização de Jogos Meta-F2P","22nd WebMedia",2016
"1512846862093142",159843,"TRABALHO_EM_EVENTO","","Specifying a Domain Specific Language for Simplifying the Authoring of Digital TV Applications","WebMedia 2016",2016
"1512846862093142",159844,"TRABALHO_EM_EVENTO","","VIDEO WORDFINDER MAKER: FERRAMENTA PARA CRIAÇÃO DE CAÇA PALAVRAS SINCRONIZADAS COM VÍDEOS","12º Congresso Brasileiro de Pesquisa e Desenvolvimento em Design",2016
"1512846862093142",159845,"TRABALHO_EM_EVENTO","","FERRAMENTA DE AUTORIA: APLICAÇÕES MULTIMÍDIA PARA DESENVOLVIMENTO DE UM JOGO QUIZ PARA A MODALIDADE EAD","V Ergotrip Design",2016
"1512846862093142",159847,"TRABALHO_EM_EVENTO","","JOGOS EDUCATIVOS E FERRAMENTAS DE AUTORIA MULTIMÍDIA: UM ESTUDO EXPLORATÓRIO SOBRE QUEBRA-CABEÇAS DIGITAIS NO CONTEXTO DO ENSINO-APRENDIZAGEM","12º Congresso Brasileiro de Pesquisa e Desenvolvimento em Design",2016
"1512846862093142",159848,"TRABALHO_EM_EVENTO","","Utilização de Modelos Mentais para Representação de Estruturas Cognitivas de Aplicativos TVDi","XXVII Simpósio Brasileiro de Informática na Educação",2016
"1512846862093142",159829,"TRABALHO_EM_EVENTO","","A Posture HCI Design Pattern for Television Commerce Based on User Experience","International Conference on Human-Computer Interaction",2015
"1512846862093142",159800,"ARTIGO-PUBLICADO","","REVISITANDO AS HEURÍSTICAS DE AVALIAÇÃO DE NIELSEN PARA ANÁLISE DE USABILIDADE EM JOGOS DE TABULEIRO NÃO VIRTUAIS","11º Congresso Brasileiro de Pesquisa e Desenvolvimento em Design",2014
"1512846862093142",159801,"ARTIGO-PUBLICADO","","GT-VoA: Videos On Demand as Learning Objects","UbuntuNet Alliance",2014
"1512846862093142",159825,"TRABALHO_EM_EVENTO","","IDENTIFICAÇÃO DE OBJETOS DE INTERAÇÃO PARA APLICATIVOS DE COMÉRCIO ELETRÔNICO NA TV DIGITAL (COMÉRCIO TELEVISIVO)","11º Congresso Brasileiro de Pesquisa e Desenvolvimento em Design",2014
"1512846862093142",159826,"TRABALHO_EM_EVENTO","9781450332309","Cacuriá","the 20th Brazilian Symposium",2014
"1512846862093142",159827,"TRABALHO_EM_EVENTO","","Plataforma Online Orientada a Templates para a Criação de Aplicativos de Telejornalismo","XX Simpósio Brasileiro de Sistemas Web e Multimídia",2014
"1512846862093142",159828,"TRABALHO_EM_EVENTO","","Wanda: a framework to develop card based games to help motivate programming students","Simpósio Brasileiro de Jogos e Entretenimento Digital",2014
"1512846862093142",159836,"TRABALHO_EM_EVENTO","","Cacuriá: Uma Ferramenta de Autoria Multimídia para Objetos de Aprendizagem","Congresso Brasileiro de Informática na Educação",2014
"1512846862093142",159846,"TRABALHO_EM_EVENTO","","ESTUDO CRÍTICO-COMPARATIVO SOBRE APLICATIVOS DE STORYTELLING PARA TABLETS","11º Congresso Brasileiro de Pesquisa e Desenvolvimento em Design",2014
"1531971102610447",160207,"TRABALHO_EM_EVENTO","9789897582479","DOTSIM - A Simulation-based Optimization Methodology for the Optimal Duplication Sequence on Freight Transportation Systems","19th International Conference on Enterprise Information Systems",2017
"1531971102610447",159837,"TRABALHO_EM_EVENTO","9781450345125","Creating Non-Linear Interactive Narratives with Fábulas Model","the 22nd Brazilian Symposium",2016
"1531971102610447",160205,"TRABALHO_EM_EVENTO","23269286","Confidere - A Trust Model for Context-Aware System on Healthcare Domain","The Fourth International Conference on Communications, Computation, Networks and Technologies",2015
"1531971102610447",160206,"TRABALHO_EM_EVENTO","","Evaluating Decision Tree Algorithms in the Hyperparameter Optimization Problem","14th Mexican International Conference on Artificial Intelligence",2015
"1531971102610447",160203,"TRABALHO_EM_EVENTO","","Towards Interoperability to the Implementation of RESTful Web Services: A Model Driven Approach","The Ninth International Conference on Systems - ICONS. Acceptance on 2013.",2014
"1531971102610447",160204,"TRABALHO_EM_EVENTO","","Towards Model Driven Crowdsourcing: First Experiments, Methodology and Transformation","15th IEEE International Conference in Information Reuse and Integration - IEEE IRI",2014
"1972734433460838",160255,"TRABALHO_EM_EVENTO","","Sistema de Monitoramento de Transporte: Uma solução de baixo custo","VI Jornada Informática do Maranhão (JIM 2016)",2016
"1972734433460838",160253,"TRABALHO_EM_EVENTO","","Performance of the AT-GSC and S-GSC Selection Combining Schemes over &#954;-µ Fading Channels","IEEE Symposium on Computers and Communications",2014
"1972734433460838",160254,"TRABALHO_EM_EVENTO","","Uma Avaliação Estatística da Otimização por Nuvem de Partículas na Resolução do Problema de Despacho Econômico de Energia","IX Congresso de Pesquisa e Inovação da Rede Norte e Nordeste de Educação Tecnológica",2014
"2352727269839328",159687,"ARTIGO-PUBLICADO","21754411","Home e-care: monitoramento de quedas em idosos através de smartwatches","XV Congresso Brasileiro de Informática em Saúde",2016
"2352727269839328",160293,"TRABALHO_EM_EVENTO","23588861","rMiíase: Um aplicativo móvel para registro de casos de miíase","VI Jornada de Informática do Maranhão",2016
"2352727269839328",160294,"TRABALHO_EM_EVENTO","","Desenvolvimento de aplicativo para dispositivos móveis para registro de casos de miíases: rMiíase","XIX Congresso Brasileiro de Parasitologia Veterinária",2016
"2352727269839328",160171,"TRABALHO_EM_EVENTO","9781509003228","An Experimental Evaluation of Data Mining Algorithms Using Hyperparameter Optimization","2015 Fourteenth Mexican International Conference on Artificial Intelligence (MICAI)",2015
"2352727269839328",160284,"TRABALHO_EM_EVENTO","","Using wavelets on denoising infrared medical images","2015 IEEE International Conference on Industrial Technology",2015
"2352727269839328",160291,"TRABALHO_EM_EVENTO","","Uma Análise Híbrida para Identificação de Câncer de Mama usando Sinais Térmicos.","XV Workshop de Informática Médica",2015
"2352727269839328",160292,"TRABALHO_EM_EVENTO","","Adding Artificial Players Controlled by Explicitly Defined Organizations on Computer Games","XIV Simpósio Brasileiro de Jogos e Entretenimento Digital",2015
"2352727269839328",160053,"TRABALHO_EM_EVENTO","21578672","Comparing results of thermographic images based diagnosis for breast diseases.","21st International Conference on Systems, Signal and Image Processing",2014
"2352727269839328",160289,"TRABALHO_EM_EVENTO","","Uma API para extração de características de imagens médicas","Jornada de Informática do Maranhão 2014",2014
"2352727269839328",160290,"TRABALHO_EM_EVENTO","","Desenvolvimento e disponibilização de extratores de características para auxílio à detecção de câncer de mama","Semana Nacional de Ciência e Tecnologia - 5ª Mostra Científica do Maranhão",2014
"2446301582459104",159631,"TRABALHO_EM_EVENTO","","Detecção automática de medidores elétricos em imagens utilizando uma combinação de SVM e CNN","Simpósio Brasileiro de Automação Inteligente",2017
"2446301582459104",159633,"TRABALHO_EM_EVENTO","","Leitura Automática de Códigos de Barras em Imagens de Medidores de Energia Elétrica","Workshop of Industry Applications (WIA)",2017
"2446301582459104",159634,"TRABALHO_EM_EVENTO","","Medição e Validação de Consumo de Energia Elétrica usando Dispositivos Móveis e Processamento de Imagens","Workshop of Industry Applications (WIA)",2017
"2446301582459104",159635,"TRABALHO_EM_EVENTO","","Detecção Automática de Presença de Assinatura em Protocolos de Recebimento de Reaviso de Distribuidora de Energia Elétrica","Workshop of Industry Applications (WIA)",2017
"2446301582459104",159978,"TRABALHO_EM_EVENTO","","Segmentação automática de medidores eletromecânicos e eletrônico baseado em imagens","Simpósio Brasileiro de Automação Inteligente",2017
"2446301582459104",159613,"TRABALHO_EM_EVENTO","","Abordagem Deep Learning para Classificação de Lesões Mamárias","Workshop de Informa&#769;tica Me&#769;dica",2016
"2446301582459104",159720,"TRABALHO_EM_EVENTO","9781450337397","Lung nodule classification based on shape distributions","the 31st Annual ACM Symposium",2016
"2446301582459104",159969,"TRABALHO_EM_EVENTO","","A simple approach for biometrics: Finger-knuckle prints recognition based on a Sobel filter and similarity measures","International Conference on Systems, Signals and Image Processing (IWSSIP)",2016
"2446301582459104",159970,"TRABALHO_EM_EVENTO","","Classification of Malignancy of Lung Nodules in CT Images Using Convolutional Neural Network","Workshop de Informa&#769;tica Me&#769;dica",2016
"2446301582459104",159971,"TRABALHO_EM_EVENTO","","Um Estudo sobre Características Extraídas de Imagens Infravermelhas para Detecção de Anormalidades de Mama","Workshop de Informa&#769;tica Me&#769;dica",2016
"2446301582459104",159972,"TRABALHO_EM_EVENTO","","Detecção de Anomalias em Termografia Dinâmica das Mamas","Workshop de Informa&#769;tica Me&#769;dica",2016
"2446301582459104",159973,"TRABALHO_EM_EVENTO","21782857","Mass segmentation in mammographic images using similarity indexes","Congresso Brasileiro de Informática em Saúde - CBIS 2016",2016
"2446301582459104",159974,"ARTIGO-PUBLICADO","21782857","Análise temporal de lesões em mamografias utilizando índices de similaridade","Congresso Brasileiro de Informática em Saúde - CBIS 2016",2016
"2446301582459104",159975,"TRABALHO_EM_EVENTO","21782857","Predição volumétrica de lesões pulmonares aplicando modelo oculto de Markov","Congresso Brasileiro de Informática em Saúde - CBIS 2016",2016
"2446301582459104",159976,"TRABALHO_EM_EVENTO","21782857","Strabismus mobile: um aplicativo para diagóstico de estrabismo","Congresso Brasileiro de Informática em Saúde - CBIS 2016",2016
"2446301582459104",159977,"TRABALHO_EM_EVENTO","21782857","Segmentação de microcalcificações em imagens mamográficas utilizando algoritmo firefly","Congresso Brasileiro de Informática em Saúde - CBIS 2016",2016
"2446301582459104",159611,"TRABALHO_EM_EVENTO","","Computed tool for strabismus surgical planning","Congress of the European Society of Ophthalmology (SOE)",2015
"2446301582459104",159967,"TRABALHO_EM_EVENTO","","Detecçao de Lesões em Imagens Termográficas da Mama Utilizando Índice de Similaridade Jaccard e Artificial Crawlers","XV Workshop de Informática Médica (WIM 2015)",2015
"2446301582459104",159968,"TRABALHO_EM_EVENTO","9781467383","Automatic segmentation of masses in digital mammograms using particle swarm optimization and graph clustering","22nd International Conference on Systems, Signals and Image Processing, IWSSIP 2015",2015
"2446301582459104",159965,"TRABALHO_EM_EVENTO","21578672","Comparing results of thermographic images based diagnosis for breast diseases","International Conference on Systems, Signals and Image Processing (IWSSIP)",2014
"2446301582459104",159966,"TRABALHO_EM_EVENTO","","Detecção de transformadores em imagens de Subestações Elétricas com SURF e KNN","V Simpósio Brasileiro de Sistemas Elétricos - SBSE2014",2014
"5225588855422632",159676,"TRABALHO_EM_EVENTO","9789897582639","A New Particle Weighting Strategy for Robot Mapping FastSLAM","14th International Conference on Informatics in Control, Automation and Robotics",2017
"5225588855422632",159674,"TRABALHO_EM_EVENTO","","Assimilação Gaussiana para Clustering Search com Aplicação em Otimização Contínua Irrestrita","XLVIII Simpósio Brasileiro de Pesquisa Operacional (SBPO)",2016
"5225588855422632",160327,"TRABALHO_EM_EVENTO","","On the train timetabling problem and heuristics","Simpósio Brasileiro de Pesquisa Operacional",2016
"5225588855422632",160325,"TRABALHO_EM_EVENTO","9783319210","Patient-Specific Modeling of Medical Data","11th International Conference, MLDM 2015, Hamburg, Germany, July 20-21, 2015, Proceedings",2015
"5225588855422632",160326,"TRABALHO_EM_EVENTO","2175276","Educação Tutorial em Ciência da Computação: uma proposta de sistematização","23º WEI - Workshop sobre Educação em Computação",2015
"5225588855422632",160324,"TRABALHO_EM_EVENTO","9788576692928","Ensino tutorial de robótica em Ciência da Computação e Engenharia Elétrica","Workshop de Robótica Educacional - WRE",2014
"5901564732655853",160172,"TRABALHO_EM_EVENTO","9781450337397","A movement activity recognition pervasive system for patient monitoring in ambient assisted living","the 31st Annual ACM Symposium",2016
"5901564732655853",160170,"TRABALHO_EM_EVENTO","","MHARS: Sistema Móvel de Reconhecimento de Atividades em Ambient Assisted Living","7º Simpósio Brasileiro de Computação Ubíqua e Pervasiva - SBCUP",2015
"5901564732655853",160171,"TRABALHO_EM_EVENTO","9781509003228","An Experimental Evaluation of Data Mining Algorithms Using Hyperparameter Optimization","2015 Fourteenth Mexican International Conference on Artificial Intelligence (MICAI)",2015
"5901564732655853",160292,"TRABALHO_EM_EVENTO","","Adding Artificial Players Controlled by Explicitly Defined Organizations on Computer Games","XIV Simpósio Brasileiro de Jogos e Entretenimento Digital",2015
"5901564732655853",160344,"TRABALHO_EM_EVENTO","23083913","A fault tolerance approach based on reinforcement learning in the context of autonomic opportunistic grids","The Tenth International Conference on Autonomic and Autonomous Systems",2014
"6047330108382641",159624,"TRABALHO_EM_EVENTO","2594486X","Diagnóstico do Glaucoma em Retinografias Usando LBP e SVM","VI Encontro Acadêmico de Computação",2017
"6047330108382641",159625,"TRABALHO_EM_EVENTO","","Dimmer: Um framework para o Processamento de Imagens Oftalmológicas","VI Eacomp - Encontro dos alunos de computação",2017
"6047330108382641",159626,"TRABALHO_EM_EVENTO","","Avaliação automática de versões oculares em imagens","Workshop de Informática Médica",2017
"6047330108382641",159627,"TRABALHO_EM_EVENTO","","Planejamento cirúrgico de estrabismo horizontal utilizando regressores de múltiplas saídas","Workshop de Informática Médica",2017
"6047330108382641",159628,"TRABALHO_EM_EVENTO","","Diagnóstico de glaucoma em imagens de fundo de olho utilizando os índices de diversidade de Shannon e McIntosh","Workshop de Informática Médica",2017
"6047330108382641",159629,"TRABALHO_EM_EVENTO","2594486X","Diagnóstico de Melanoma usando Função K de Ripley e Máquinas de Vetor de Suporte","VI Encontro Acadêmico de Computação UFMA",2017
"6047330108382641",159630,"TRABALHO_EM_EVENTO","2594486X","Segmentação de Exsudatos em Imagens de Fundo de Olho para Detecção de Retinopatia Diabética","VI Encontro Acadêmico de Computação UFMA - EAComp",2017
"6047330108382641",159631,"TRABALHO_EM_EVENTO","","Detecção automática de medidores elétricos em imagens utilizando uma combinação de SVM e CNN","Simpósio Brasileiro de Automação Inteligente",2017
"6047330108382641",159632,"TRABALHO_EM_EVENTO","21758905","Segmentação automática de medidores eletromecânico e eletrônico baseado em imagens","XIII Simpósio Brasileiro de Automação Inteligente",2017
"6047330108382641",159633,"TRABALHO_EM_EVENTO","","Leitura Automática de Códigos de Barras em Imagens de Medidores de Energia Elétrica","Workshop of Industry Applications (WIA)",2017
"6047330108382641",159634,"TRABALHO_EM_EVENTO","","Medição e Validação de Consumo de Energia Elétrica usando Dispositivos Móveis e Processamento de Imagens","Workshop of Industry Applications (WIA)",2017
"6047330108382641",159635,"TRABALHO_EM_EVENTO","","Detecção Automática de Presença de Assinatura em Protocolos de Recebimento de Reaviso de Distribuidora de Energia Elétrica","Workshop of Industry Applications (WIA)",2017
"6047330108382641",159636,"TRABALHO_EM_EVENTO","","Classification of Malignant and Benign Tissues in Mammography using Dental Shape Descriptors and Shape Distribution","7th Latin American Conference on Networked and Electronic Media (LACNEM)",2017
"6047330108382641",159637,"TRABALHO_EM_EVENTO","","Automatic consumption reading on electromechanical meters using HoG and SVM","7th Latin American Conference on Networked and Electronic Media (LACNEM)",2017
"6047330108382641",159638,"TRABALHO_EM_EVENTO","","Sclera Segmentation in Face Images using Image Foresting Transform","22nd IBEROAMERICAN CONGRESS ON PATTERN RECOGNITION",2017
"6047330108382641",159603,"ARTIGO-PUBLICADO","18095585","Aplicativo Multiplataforma para Planejar Cirurgias de Estrabismo","Workshop de Informática Médica",2016
"6047330108382641",159613,"TRABALHO_EM_EVENTO","","Abordagem Deep Learning para Classificação de Lesões Mamárias","Workshop de Informa&#769;tica Me&#769;dica",2016
"6047330108382641",159614,"TRABALHO_EM_EVENTO","21752761","Diagnóstico de Câncer de Mama Através de Vetores de Descritores Localmente Agregados","Workshop de Informática Médica",2016
"6047330108382641",159615,"TRABALHO_EM_EVENTO","","DIAGNOSTICO AUTOMATIZADO DO ESTRABISMO PELO METODO DE PRISMA&COVER UTILIZANDO IMAGENS DIGITAIS","60º Congresso Brasileiro de Oftalmologia",2016
"6047330108382641",159616,"TRABALHO_EM_EVENTO","23588861","Modelo de Classificação Textual para Auxílio de Teleconsultorias","VI Jornada Informática do Maranhão",2016
"6047330108382641",159617,"TRABALHO_EM_EVENTO","23588861","Uma Abordagem Genética Para Redes Neurais Convolucionais","VI Jornada Informática do Maranhão",2016
"6047330108382641",159618,"TRABALHO_EM_EVENTO","","RECONHECIMENTO AUTOMÁTICO DE MOVIMENTOS ARTÍSTICOS EM PINTURAS: UM COMPARATIVO","VI Jornada de Informática do Maranhão",2016
"6047330108382641",159619,"TRABALHO_EM_EVENTO","23588861","Um Estudo sobre Vetores de Descritores Localmente Agregados para Diagnóstico de Câncer de Mama","VI Jornada Informática do Maranhão",2016
"6047330108382641",159620,"TRABALHO_EM_EVENTO","","AVALIAÇÃO AUTOMÁTICA DA RELAÇÃO ESCAVAÇÃO/DISCO PARA DETECÇÃO DO GLAUCOMA","VI Jornada de Informática do Maranhão",2016
"6047330108382641",159621,"TRABALHO_EM_EVENTO","23588861","Reconhecimento de Notas Musicais Manuscritas Utilizando os Descritores ORB com Bag of Words","VI Jornada Informática do Maranhão",2016
"6047330108382641",159622,"TRABALHO_EM_EVENTO","","A Deep Approach for Handwritten Musical Symbols Recognition","XXII Simpósio Brasileiro de Multimídia e Web",2016
"6047330108382641",159623,"TRABALHO_EM_EVENTO","","DETECÇÃO AUTOMÁTICA DO GLAUCOMA EM IMAGENS DE FUNDO DE OLHO","XXVIII Seminário de Iniciação Científica - SEMIC/UFMA",2016
"6047330108382641",159611,"TRABALHO_EM_EVENTO","","Computed tool for strabismus surgical planning","Congress of the European Society of Ophthalmology (SOE)",2015
"6047330108382641",159612,"TRABALHO_EM_EVENTO","","SEGMENTAÇÃO AUTOMÁTICA DO DISCO ÓPTICO EM IMAGENS DE RETINOGRAFIA PARA DETECÇÃO DO GLAUCOMA","XXVII SEMIC - Seminário de Iniciação Científica da UFMA",2015
"6047330108382641",159639,"TRABALHO_EM_EVENTO","","Metodologia Computacional para Detecção Automática do Glaucoma em Imagens de Fundo de Olho","XV Workshop de Informática Médica (WIM 2015)",2015
"6047330108382641",159607,"TRABALHO_EM_EVENTO","23588861","Análise Temporal de Lesões em Mamografia Digitalizada Usando Índices de Similaridade","V Jornada de Informática do Maranhão",2014
"6047330108382641",159608,"TRABALHO_EM_EVENTO","23588861","Detecção e Diagnóstico do Estrabismo em Vídeos Digitais através do Cover Test","V Jornada de Informática do Maranhão",2014
"6047330108382641",159609,"TRABALHO_EM_EVENTO","23588861","Reconhecimento de linguagem de sinais: aplicação em LIBRAS","V Jornada de Informática do Maranhão",2014
"6047330108382641",159610,"TRABALHO_EM_EVENTO","","DETECÇÃO DE ESTRABISMO EM IMAGENS E VÍDEOS DIGITAIS USANDO O COVER TEST","XXVI SEMIC - Seminário de Iniciação Científica da UFMA",2014
"6446831084215512",159628,"TRABALHO_EM_EVENTO","","Diagnóstico de glaucoma em imagens de fundo de olho utilizando os índices de diversidade de Shannon e McIntosh","Workshop de Informática Médica",2017
"6446831084215512",159733,"TRABALHO_EM_EVENTO","","BodyRating: uma proposta para anotação de silhueta corporal para avaliação de autopercepção","Workshop de Informática Médica",2017
"6446831084215512",160064,"TRABALHO_EM_EVENTO","","ACESSIBILIDADE EM AMBIENTES ESCOLARES:  IDENTIFICAÇÃO DE BARREIRAS FÍSICAS","16° Ergodesign ? Congresso Internacional de Ergonomia e Usabilidade de Interfaces Humano Tecnológica: Produto, Informações Ambientes Construídos e Transporte",2017
"6446831084215512",160065,"TRABALHO_EM_EVENTO","","Segmentação de Dentes em Imagens Radiográficas Periapicais utilizando uma adaptação do Método do Gradiente","17º WIM - Workshop de Informática Médica - CSBC 2017",2017
"6446831084215512",160066,"TRABALHO_EM_EVENTO","9781538608104","Application of virtual reality techniques to a birth simulation","2017 4th Experiment@International Conference (exp.at&apos;17)",2017
"6446831084215512",160067,"TRABALHO_EM_EVENTO","","ACESSIBILIDADE EM AMBIENTES ESCOLARES: IDENTIFICAÇÃO DE BARREIRAS FÍSICAS","16° Ergodesign &amp;#45; Congresso Internacional de Ergonomia e Usabilidade de Interfaces Humano Tecnológica",2017
"6446831084215512",159613,"TRABALHO_EM_EVENTO","","Abordagem Deep Learning para Classificação de Lesões Mamárias","Workshop de Informa&#769;tica Me&#769;dica",2016
"6446831084215512",159622,"TRABALHO_EM_EVENTO","","A Deep Approach for Handwritten Musical Symbols Recognition","XXII Simpósio Brasileiro de Multimídia e Web",2016
"6446831084215512",159719,"TRABALHO_EM_EVENTO","9789897588","Towards Metadata Analysis on Opinionated Content in Tweets","International Conference on Enterprise Information Systems (ICEIS)",2016
"6446831084215512",159720,"TRABALHO_EM_EVENTO","9781450337397","Lung nodule classification based on shape distributions","the 31st Annual ACM Symposium",2016
"6446831084215512",159722,"TRABALHO_EM_EVENTO","","Framework for registration and recognition of free-hand gestures in digital games","XV Simpósio Brasileiro de Jogos e Entretenimento Digital (SBGames)",2016
"6446831084215512",159971,"TRABALHO_EM_EVENTO","","Um Estudo sobre Características Extraídas de Imagens Infravermelhas para Detecção de Anormalidades de Mama","Workshop de Informa&#769;tica Me&#769;dica",2016
"6446831084215512",159974,"ARTIGO-PUBLICADO","21782857","Análise temporal de lesões em mamografias utilizando índices de similaridade","Congresso Brasileiro de Informática em Saúde - CBIS 2016",2016
"6446831084215512",160056,"TRABALHO_EM_EVENTO","","Supervisão Automática de Treinamento de Operadores de Instalações através de Ambientes Virtuais.","XVI Encuentro Regional Iberoamericano de CIGRE",2016
"6446831084215512",160058,"TRABALHO_EM_EVENTO","9788576693","Classification of Malignacy of Lung Nodules in CT Images Using Convolutional Neural Network","Workshop de Informa&#769;tica Me&#769;dica - CSBC 2016",2016
"6446831084215512",160060,"TRABALHO_EM_EVENTO","","Design de um jogo sobre problemas de acessibilidade enfrentados por usuários de cadeira de rodas","XV Simpósio Brasileiro de Games e Entretenimento Digital,",2016
"6446831084215512",160061,"TRABALHO_EM_EVENTO","","Aplicação de Redes Neurais Artificiais na Otimização de Placas Laminadas","XXXVII Iberian Latin-American Congress on Computational Methods in Engineering (CILAMCE 2016).",2016
"6446831084215512",160062,"TRABALHO_EM_EVENTO","978855780","Design Gráfico de Ambiente de Game 3D para Simulação de Cadeira de Rodas Baseada em Gestos","1° Congresso Brasileiro de Pesquisa e desenvolvimento em Tecnologia Assistiva: Engenharia e Design",2016
"6446831084215512",160063,"TRABALHO_EM_EVENTO","9788557800","Modelagem tridimensional de obras de arte: uma ação inclusiva","Congresso Brasileiro de Pesquisa e desenvolvimento em Tecnologia Assistiva: Engenharia e Design",2016
"6446831084215512",159710,"TRABALHO_EM_EVENTO","","Extração de Características de Contornos Côncavos para Diagnóstico de Câncer de Mama","Workshop de Informática Médica",2015
"6446831084215512",159714,"TRABALHO_EM_EVENTO","9781467372046","An Immersive Virtual Reality Application for Collaborative Training of Power Systems Operators","2015 XVII Symposium on Virtual and Augmented Reality (SVR)",2015
"6446831084215512",159968,"TRABALHO_EM_EVENTO","9781467383","Automatic segmentation of masses in digital mammograms using particle swarm optimization and graph clustering","22nd International Conference on Systems, Signals and Image Processing, IWSSIP 2015",2015
"6446831084215512",160057,"TRABALHO_EM_EVENTO","","Uma Abordagem Lúdica e Cultural para o Ensino da Matemática com Jogos Customizáveis Gerenciados pelo Educador.","XIV Simposio Brasileiro de Jogos e Entretenimento Digital,",2015
"6446831084215512",160059,"TRABALHO_EM_EVENTO","9788561065","USO DE GEOPROCESSAMENTO E BUSINESS INTELLIGENCE PARA CORRELAÇÃO DE FALTAS E OCORRÊNCIAS DE QUEIMADAS EM LINHAS DE TRANSMISSÃO","11th Latin-American Congress on Electricity Generation and Transmission: CLAGTEE 2015,",2015
"6446831084215512",159712,"TRABALHO_EM_EVENTO","","Integração do Ambiente Gráfico Interativo para Treinamento de Operadores (AGITO) ao Simulador de Sistemas Elétricos (SIMULOP)","Jornada de Informática do Maranhão",2014
"6446831084215512",159713,"TRABALHO_EM_EVENTO","","Segmentação de Imagens Mamográficas com uso de Busca em Profundidade em Grafos na Identificação de Nódulos","V Jornada de Informática do Maranhão",2014
"6446831084215512",159966,"TRABALHO_EM_EVENTO","","Detecção de transformadores em imagens de Subestações Elétricas com SURF e KNN","V Simpósio Brasileiro de Sistemas Elétricos - SBSE2014",2014
"6446831084215512",159994,"ARTIGO-PUBLICADO","","Semi-Automatic Photograph Tagging by Combining Context with Content-Based Information","ICEIS - International Conference on Enterprise Information Systems",2014
"6446831084215512",160052,"TRABALHO_EM_EVENTO","21776164","Utilizando Geoprocessamento para Análise de Ocorrências de Queimadas Próximas a Linhas de Transmissão","V Simpósio Brasileiro de Sistemas Elétricos - SBSE2014",2014
"6446831084215512",160053,"TRABALHO_EM_EVENTO","21578672","Comparing results of thermographic images based diagnosis for breast diseases.","21st International Conference on Systems, Signal and Image Processing",2014
"6446831084215512",160054,"TRABALHO_EM_EVENTO","","Aplicação de Geoprocessamento em um Sistema de Gestão Ambiental para Diagnóstico de Ações Socioambientais.","Encontro Nacional de Geoprocessamento do Setor Elétrico - ENGEO,",2014
"6446831084215512",160055,"TRABALHO_EM_EVENTO","9781450332","Comparison of SVM Versus Naive-Bayes Techniques for Sentiment Analysis in Tweets.","20th Brazilian Symposium on Multimedia and the Web - WebMedia '14",2014
"8041675571955870",159675,"TRABALHO_EM_EVENTO","","A Stochastic Learning Approach for Construction of Brick Structures with a Ground Robot","20th World Congress of the International Federation of Automatic Control (IFAC 2017 World Congress)",2017
"8041675571955870",159676,"TRABALHO_EM_EVENTO","9789897582639","A New Particle Weighting Strategy for Robot Mapping FastSLAM","14th International Conference on Informatics in Control, Automation and Robotics",2017
"8041675571955870",159672,"TRABALHO_EM_EVENTO","","FastSLAM Filter Implementation for Indoor Autonomous Robot","2016 IEEE Intelligent Vehicles Symposium",2016
"8041675571955870",159674,"TRABALHO_EM_EVENTO","","Assimilação Gaussiana para Clustering Search com Aplicação em Otimização Contínua Irrestrita","XLVIII Simpósio Brasileiro de Pesquisa Operacional (SBPO)",2016
"8041675571955870",159671,"TRABALHO_EM_EVENTO","","Resource Scheduling in Web Servers in Cloud Computing Using Multiple Artificial Neural Networks","14th Mexican International Conference on Artificial Intelligence",2015
"8041675571955870",159673,"TRABALHO_EM_EVENTO","9781509003228","Elder Falls Detection Based on Artificial Neural Networks","2015 Fourteenth Mexican International Conference on Artificial Intelligence (MICAI)",2015
"8041675571955870",159668,"TRABALHO_EM_EVENTO","9781479920860","Autonomous feature-based exploration using a low-cost mobile robot","2014 8th Annual IEEE Systems Conference (SysCon)",2014
"8041675571955870",159669,"TRABALHO_EM_EVENTO","9781479960781","Optimization of traffic lights timing based on Artificial Neural Networks","2014 IEEE 17th International Conference on Intelligent Transportation Systems (ITSC)",2014
"8041675571955870",159670,"TRABALHO_EM_EVENTO","","Traffic Lights Timing Optimized by Artificial Neural Networks","24th International Conference on Artificial Neural Networks",2014
"8287861610873629",159624,"TRABALHO_EM_EVENTO","2594486X","Diagnóstico do Glaucoma em Retinografias Usando LBP e SVM","VI Encontro Acadêmico de Computação",2017
"8287861610873629",159626,"TRABALHO_EM_EVENTO","","Avaliação automática de versões oculares em imagens","Workshop de Informática Médica",2017
"8287861610873629",159627,"TRABALHO_EM_EVENTO","","Planejamento cirúrgico de estrabismo horizontal utilizando regressores de múltiplas saídas","Workshop de Informática Médica",2017
"8287861610873629",159628,"TRABALHO_EM_EVENTO","","Diagnóstico de glaucoma em imagens de fundo de olho utilizando os índices de diversidade de Shannon e McIntosh","Workshop de Informática Médica",2017
"8287861610873629",159629,"TRABALHO_EM_EVENTO","2594486X","Diagnóstico de Melanoma usando Função K de Ripley e Máquinas de Vetor de Suporte","VI Encontro Acadêmico de Computação UFMA",2017
"8287861610873629",159630,"TRABALHO_EM_EVENTO","2594486X","Segmentação de Exsudatos em Imagens de Fundo de Olho para Detecção de Retinopatia Diabética","VI Encontro Acadêmico de Computação UFMA - EAComp",2017
"8287861610873629",159631,"TRABALHO_EM_EVENTO","","Detecção automática de medidores elétricos em imagens utilizando uma combinação de SVM e CNN","Simpósio Brasileiro de Automação Inteligente",2017
"8287861610873629",159632,"TRABALHO_EM_EVENTO","21758905","Segmentação automática de medidores eletromecânico e eletrônico baseado em imagens","XIII Simpósio Brasileiro de Automação Inteligente",2017
"8287861610873629",159633,"TRABALHO_EM_EVENTO","","Leitura Automática de Códigos de Barras em Imagens de Medidores de Energia Elétrica","Workshop of Industry Applications (WIA)",2017
"8287861610873629",159634,"TRABALHO_EM_EVENTO","","Medição e Validação de Consumo de Energia Elétrica usando Dispositivos Móveis e Processamento de Imagens","Workshop of Industry Applications (WIA)",2017
"8287861610873629",159635,"TRABALHO_EM_EVENTO","","Detecção Automática de Presença de Assinatura em Protocolos de Recebimento de Reaviso de Distribuidora de Energia Elétrica","Workshop of Industry Applications (WIA)",2017
"8287861610873629",159638,"TRABALHO_EM_EVENTO","","Sclera Segmentation in Face Images using Image Foresting Transform","22nd IBEROAMERICAN CONGRESS ON PATTERN RECOGNITION",2017
"8287861610873629",159733,"TRABALHO_EM_EVENTO","","BodyRating: uma proposta para anotação de silhueta corporal para avaliação de autopercepção","Workshop de Informática Médica",2017
"8287861610873629",159734,"TRABALHO_EM_EVENTO","","Adolescent Chat: Mobile Application on Sexuality, STD / HIV / AIDS Prevention","STI & HIV World Congress",2017
"8287861610873629",159735,"TRABALHO_EM_EVENTO","","Plataforma gamificada de auxi&#769;lio para exames de POSCOMP e ENADE","XVI Encontro Nordestino dos Grupos PET - ENEPET",2017
"8287861610873629",159736,"TRABALHO_EM_EVENTO","","Uma abordagem competitiva para o esti&#769;mulo ao aprendizado","XVI Encontro Nordestino dos Grupos PET - ENEPET",2017
"8287861610873629",159737,"TRABALHO_EM_EVENTO","2594486X","Estudo comparativo de métodos de segmentação das bordas de lesões em imagens dermatoscópicas","VI Encontro Acadêmico de Computação da UFMA - EAComp",2017
"8287861610873629",159738,"TRABALHO_EM_EVENTO","2594486X","Uma proposta de ferramenta para anotação de silhueta corporal para avaliação autoperceptiva","VI Encontro Acadêmico de Computação UFMA",2017
"8287861610873629",159739,"TRABALHO_EM_EVENTO","2594486X","Sistema de gerenciamento de consultas e atividades do Projeto UFMA Saudável","VI Encontro Acadêmico de Computação UFMA",2017
"8287861610873629",159740,"TRABALHO_EM_EVENTO","2594486X","Acompanhamento de Discentes: A monitoria como forma de incentivo e motivação da disciplina de Algoritmos I","VI Encontro Acadêmico de Computação UFMA",2017
"8287861610873629",159741,"TRABALHO_EM_EVENTO","2594486X","Estímulo ao pensamento computacional e a divulgação dos grupos PET UFMA: Desenvolvimento de WebPages como prática interdisciplinar","VI Encontro Acadêmico de Computação UFMA - EAComp",2017
"8287861610873629",159742,"TRABALHO_EM_EVENTO","2594486X","Desenvolvimento de um time de futebol robótico para o RoboCup 2D","VI Encontro Acadêmico de Computação UFMA",2017
"8287861610873629",159743,"TRABALHO_EM_EVENTO","","Uma Ferramenta de Autoria para Construção de Ambientes de Realidade Virtual para Subestações de Energia Baseada em Panoramas Aumentados","Workshop of Industry Applications (WIA)",2017
"8287861610873629",159603,"ARTIGO-PUBLICADO","18095585","Aplicativo Multiplataforma para Planejar Cirurgias de Estrabismo","Workshop de Informática Médica",2016
"8287861610873629",159613,"TRABALHO_EM_EVENTO","","Abordagem Deep Learning para Classificação de Lesões Mamárias","Workshop de Informa&#769;tica Me&#769;dica",2016
"8287861610873629",159614,"TRABALHO_EM_EVENTO","21752761","Diagnóstico de Câncer de Mama Através de Vetores de Descritores Localmente Agregados","Workshop de Informática Médica",2016
"8287861610873629",159616,"TRABALHO_EM_EVENTO","23588861","Modelo de Classificação Textual para Auxílio de Teleconsultorias","VI Jornada Informática do Maranhão",2016
"8287861610873629",159617,"TRABALHO_EM_EVENTO","23588861","Uma Abordagem Genética Para Redes Neurais Convolucionais","VI Jornada Informática do Maranhão",2016
"8287861610873629",159619,"TRABALHO_EM_EVENTO","23588861","Um Estudo sobre Vetores de Descritores Localmente Agregados para Diagnóstico de Câncer de Mama","VI Jornada Informática do Maranhão",2016
"8287861610873629",159621,"TRABALHO_EM_EVENTO","23588861","Reconhecimento de Notas Musicais Manuscritas Utilizando os Descritores ORB com Bag of Words","VI Jornada Informática do Maranhão",2016
"8287861610873629",159622,"TRABALHO_EM_EVENTO","","A Deep Approach for Handwritten Musical Symbols Recognition","XXII Simpósio Brasileiro de Multimídia e Web",2016
"8287861610873629",159687,"ARTIGO-PUBLICADO","21754411","Home e-care: monitoramento de quedas em idosos através de smartwatches","XV Congresso Brasileiro de Informática em Saúde",2016
"8287861610873629",159719,"TRABALHO_EM_EVENTO","9789897588","Towards Metadata Analysis on Opinionated Content in Tweets","International Conference on Enterprise Information Systems (ICEIS)",2016
"8287861610873629",159720,"TRABALHO_EM_EVENTO","9781450337397","Lung nodule classification based on shape distributions","the 31st Annual ACM Symposium",2016
"8287861610873629",159721,"TRABALHO_EM_EVENTO","","Comparativo entre Características Invariantes para Diagnóstico de Câncer de Mama","XV Congresso Brasileiro em Informática em Saúde",2016
"8287861610873629",159722,"TRABALHO_EM_EVENTO","","Framework for registration and recognition of free-hand gestures in digital games","XV Simpósio Brasileiro de Jogos e Entretenimento Digital (SBGames)",2016
"8287861610873629",159723,"TRABALHO_EM_EVENTO","23588861","Reconhecimento de Gestos Manuais Para Identificação de Letras do Alfabeto da Língua Brasileira de Sinais (Libras)","VI Jornada Informática do Maranhão",2016
"8287861610873629",159724,"TRABALHO_EM_EVENTO","23588861","Avaliação Automática da Relação Escavação/Disco para Detecção do Glaucomama","VI Jornada Informática do Maranhão",2016
"8287861610873629",159725,"TRABALHO_EM_EVENTO","23588861","Reconhecimento de Alimentos utilizando Histograma de Cor e SIFT","VI Jornada Informática do Maranhão",2016
"8287861610873629",159726,"TRABALHO_EM_EVENTO","23588861","Reconhecimento de Sinais de Trânsito Utilizando Deep Learning","VI Jornada Informática do Maranhão",2016
"8287861610873629",159727,"TRABALHO_EM_EVENTO","23588861","Um Estudo sobre Diferente Tipos de Funções de Custo Para Redes Neurais Convolucionais","VI Jornada Informática do Maranhão",2016
"8287861610873629",159728,"TRABALHO_EM_EVENTO","23588861","Análise e Sugestão Automática de Câncer de Pele através de HOG e SVM","VI Jornada Informática do Maranhão",2016
"8287861610873629",159729,"TRABALHO_EM_EVENTO","31","COMPET: uma ferramenta de integralização do curso de Ciência da Computação","II Encontro Maranhense dos grupos do Programa de Educação Tutorial - MARAPET",2016
"8287861610873629",159730,"TRABALHO_EM_EVENTO","","Melhoria da grade curricular do curso de Ciência da Computação da Universidade Federal do Maranhão: uma abordagem analítica","II Encontro Maranhense dos grupos do Programa de Educação Tutorial",2016
"8287861610873629",159731,"TRABALHO_EM_EVENTO","","O uso de competições como ferramenta de ensino e fortalecimento do aprendizado dentro do curso de Ciência da Computação","II Encontro Maranhense dos grupos do Programa de Educação Tutorial",2016
"8287861610873629",159732,"TRABALHO_EM_EVENTO","","Descrição E Classificação De Formas Baseado Na Extração De Componentes Principais De Contornos Para Diagnóstico De Câncer De Mama","XXVIII Seminário de Iniciação Científica UFMA",2016
"8287861610873629",159744,"TRABALHO_EM_EVENTO","23588861","Cálculo do Diâmetro Fronto-occipital para Diagnóstico de Anomalias em Imagens de MRI","VI Jornada Informática do Maranhão",2016
"8287861610873629",159708,"TRABALHO_EM_EVENTO","9789872503031","Supervisão Automática de Treinamento de Operadores de Instalações através de Ambientes Virtuais","XVI Encuentro Regional Iberoamericano de CIGRE",2015
"8287861610873629",159709,"TRABALHO_EM_EVENTO","","Metodologia Computacional para Detecção Automáica do Glaucoma em Imagens de Fundo de Olho","Workshop de Informática Médica",2015
"8287861610873629",159710,"TRABALHO_EM_EVENTO","","Extração de Características de Contornos Côncavos para Diagnóstico de Câncer de Mama","Workshop de Informática Médica",2015
"8287861610873629",159711,"TRABALHO_EM_EVENTO","","Diagnóstico de Câncer de Mama em Mamografias baseado na Análise da Diversidade de Padrôes Circulares","Workshop de Informática Médica",2015
"8287861610873629",159714,"TRABALHO_EM_EVENTO","9781467372046","An Immersive Virtual Reality Application for Collaborative Training of Power Systems Operators","2015 XVII Symposium on Virtual and Augmented Reality (SVR)",2015
"8287861610873629",159715,"TRABALHO_EM_EVENTO","","Diagnóstico de Câncer de Mama Usando Textura como Representações baseadas em Diversidade e Espacialmente Integradas","XXVII Seminário de Iniciação Científica - UFMA",2015
"8287861610873629",159716,"TRABALHO_EM_EVENTO","","Detecção de Câncer de Mama usando Características de Densidade e Geometria Côncava","XXVII Seminário de Iniciação Científica - UFMA",2015
"8287861610873629",159717,"TRABALHO_EM_EVENTO","","Análise do Impacto de Regiões de Fundo e Sub Padrões Recorrentes no Reconhecimento de Massas em Mamografias","XXVII Seminário de Iniciação Científica - UFMA",2015
"8287861610873629",159718,"TRABALHO_EM_EVENTO","21792259","Uma Abordagem Lúdica e Cultural para o Ensino da Matemática com Jogos Customizáveis Gerenciados pelo Educador","XIV Simposio Brasileiro de Jogos e Entretenimento Digital",2015
"8287861610873629",159707,"TRABALHO_EM_EVENTO","","Matematicando: um serious game para o aprendizado da matemática através de uma visão lúdica","V Jornada de Informática do Maranhão",2014
"8287861610873629",159712,"TRABALHO_EM_EVENTO","","Integração do Ambiente Gráfico Interativo para Treinamento de Operadores (AGITO) ao Simulador de Sistemas Elétricos (SIMULOP)","Jornada de Informática do Maranhão",2014
"8287861610873629",159713,"TRABALHO_EM_EVENTO","","Segmentação de Imagens Mamográficas com uso de Busca em Profundidade em Grafos na Identificação de Nódulos","V Jornada de Informática do Maranhão",2014
"9297257833779277",159784,"TRABALHO_EM_EVENTO","","An Exploratory Study on the Need for Modeling Software Ecosystems: The Case of SOLAR SECO","2017 IEEE/ACM 9th International Workshop on Modelling in Software Engineering",2017
"9297257833779277",159785,"TRABALHO_EM_EVENTO","","Investigating factors that influence developers? experience in mobile software ecosystems","Joint 5th International Workshop on Software Engineering for Systems-of-Systems and 11th Workshop on Distributed Software Development, Software Ecosystems and Systems-of-Systems",2017
"9297257833779277",159786,"TRABALHO_EM_EVENTO","9788576693","EvidenceSET: A Tool for Supporting Analysis of Evidence and Synthesis of Primary and Secondary Studies","VIII Congresso Brasileiro de Software (CBSoft 2017)",2017
"9297257833779277",159787,"TRABALHO_EM_EVENTO","21776369","Práticas para Tratamento de Fatores Críticos de Sucesso","XVI Simpósio Brasileiro de Qualidade de Software (SBQS 2017)",2017
"9297257833779277",159788,"TRABALHO_EM_EVENTO","23166533","Avaliando a Viabilidade do BlackBox em Sala de Aula: Um Jogo Sério para Ensino de Teste Funcional de Software","XXVIII Simpósio Brasileiro de Informática na Educação (SBIE 2017)",2017
"9297257833779277",159789,"TRABALHO_EM_EVENTO","9789897582486","How Have Software Engineering Researchers Been Measuring Software Productivity? A Systematic Mapping Study","The 19th International Conference on Enterprise Information Systems (ICEIS)",2017
"9297257833779277",159778,"TRABALHO_EM_EVENTO","9789897581878","Knowledge Mapping in a Research and Development Group - A Pilot Study","The 18th International Conference on Enterprise Information Systems (ICEIS)",2016
"9297257833779277",159779,"TRABALHO_EM_EVENTO","978857669317","Um estudo sobre a relação entre Processo e Motivação em Equipes de Desenvolvimento de Software","XII Simpósio Brasileiro de Sistemas de Informação",2016
"9297257833779277",159780,"TRABALHO_EM_EVENTO","21776369","Facilitando a Aprendizagem Organizacional em Melhoria de Processo de Software","Concurso de Teses e Dissertações em Qualidade de Software do XV Simpósio Brasileiro de Qualidade de Software",2016
"9297257833779277",159781,"TRABALHO_EM_EVENTO","9788576693529","Preliminary Findings of Expert and Systematic Reviews on the Software Ecosystems Research","I Workshop sobre Aspectos Sociais, Humanos e Econômicos de Software (WASHES 2016)",2016
"9297257833779277",159782,"TRABALHO_EM_EVENTO","9781450345125","Software Ecosystems in the Development of Web, Social Networks and Multimedia Platforms","the 22nd Brazilian Symposium",2016
"9297257833779277",159783,"TRABALHO_EM_EVENTO","","Ecossistemas de Software na Indústria - Riscos e Oportunidades","XV Simpósio Brasileiro de Qualidade de Software",2016
"9297257833779277",159773,"TRABALHO_EM_EVENTO","15301605","Knowledge Creation and Loss within a Software Organization: An Exploratory Case Study","48th Hawaii International Conference on System Sciences",2015
"9297257833779277",159774,"TRABALHO_EM_EVENTO","","Knowledge Management and Organizational Culture in a Software Organization ? a Case Study","2015 IEEE/ACM 8th International Workshop on Cooperative and Human Aspects of Software Engineering",2015
"9297257833779277",159775,"TRABALHO_EM_EVENTO","9789897580970","Applying Knowledge Codification in a Post-mortem Process - A Practical Experience","17th International Conference on Enterprise Information Systems (ICEIS)",2015
"9297257833779277",159776,"TRABALHO_EM_EVENTO","21786097","Oportunizando a Aprendizagem e Gerência do Conhecimento em Ecossistemas de Software","IX Workshop em Desenvolvimento Distribuído de Software, Ecossistemas de Software e Sistemas-de-Sistemas (WDES 2015)",2015
"9297257833779277",159768,"TRABALHO_EM_EVENTO","23259086","Knowledge Transfer between Senior and Novice Software Engineers: A Qualitative Analysis","The 26th International Conference on Software Engineering & Knowledge Engineering (SEKE 2014)",2014
"9297257833779277",159769,"TRABALHO_EM_EVENTO","","Usando PABC-Pattern para Codificar o Conhecimento: Um estudo Experimental","Simpósio Brasileiro de Qualidade de Software",2014
"9297257833779277",159770,"TRABALHO_EM_EVENTO","","Usando Análise de Redes Sociais para Investigar a Disseminação do Conhecimento em Melhorias de Processos de Software.","Simpósio Brasileiro de Qualidade de Software",2014
"9297257833779277",159771,"TRABALHO_EM_EVENTO","","Qualidade em Ecossistemas de Software: Desafios e Oportunidades de Pesquisa","Workshop de Desenvolvimento Distribuído de Software, Ecossistemas de Software e Sistemas de Sistemas (WDES 2014)",2014
"9297257833779277",159772,"TRABALHO_EM_EVENTO","","Facilitando a Aprendizagem Organizacional em Melhorias de Processo de Software","Workshop de Teses e Dissertações em Qualidade de Software",2014
"9943003955628885",160111,"TRABALHO_EM_EVENTO","","Gamificação: A Criatividade como Elemento de Engajamento no Processo Avaliativo","16º Ergodesign/USIHC/CINAHPA",2017
"9943003955628885",160110,"TRABALHO_EM_EVENTO","9781450345125","Migrating Legacy Web Apps to Cloud Computing Environments","the 22nd Brazilian Symposium",2016
"9943003955628885",159671,"TRABALHO_EM_EVENTO","","Resource Scheduling in Web Servers in Cloud Computing Using Multiple Artificial Neural Networks","14th Mexican International Conference on Artificial Intelligence",2015
"9943003955628885",160108,"TRABALHO_EM_EVENTO","9781467377676","Policies for Assisted Virtual Machine Selection in Cloud Computing Environments","2015 XXXIII Brazilian Symposium on Computer Networks and Distributed Systems (SBRC)",2015
"9943003955628885",160109,"TRABALHO_EM_EVENTO","9781467363051","End-to-end informed VM selection in compute clouds","2015 ICC 2015 IEEE International Conference on Communications Workshops (ICC)",2015
"9943003955628885",160071,"ARTIGO-PUBLICADO","","Análise de elementos visuais em jogos digitais: a função da navegação, instrução e comunicação em dispositivos portáteis","14º Ergodesign/USIHC",2014
"9943003955628885",160104,"TRABALHO_EM_EVENTO","","Uma Rede de Compartilhamento de Conteúdo Multimídia em Dispositivos Móveis Baseados na Plataforma Android","II Workshop de Comunicação em Sistemas Embarcados Críticos (WoCCES) / XXXII Simpósio Brasileiro de Redes de Computadores (SBRC)",2014
"9943003955628885",160105,"TRABALHO_EM_EVENTO","","Um Ambiente de Autoria de Jogos Sérios pelo Usuário Final Aplicados a Educação","25o Simpósio Brasileiro de Informática na Educação (SBIE)",2014
"9943003955628885",160106,"TRABALHO_EM_EVENTO","","Pesquisa Descritiva de Jogos Digitais em Dispositivos Portáteis: análise das funções interativas por gêneros de jogos","XIII Simpósio Brasileiro de Jogos e Entretenimento Digital (SBGAMES)",2014
"9943003955628885",160107,"TRABALHO_EM_EVENTO","9788521208242","Gestures as a cognitive means of human-computer interaction","6th Information Design International Conference",2014
